ID,Sequence,Glucose_conc ,Substrate_conc,Activity,Source,Accession,Reference ,Organism ,Mutant,Mutation
OOD1,MTKISLPTCSPLLTKEFIYGVATSSFQIEGGSAHRLPCIWDTFCDTPGKIADNSNGHVACDHYNNWKQDIDLIESLGVDAYRLSISWPRVITKSGELNPEGVKFYTDILDELKKRNIKAFVTLYHWDLPQHLEDEGGWLNRETAYAFAHYVDLITLAFGDRVHSYATLNEPFCSAFLGYEIGIHAPGKVGKQYGRKAAHHLLLAHGLAMTVLKQNSPTTLNGIVLNFTPCYSISEDADDIAATAFADDYLNQWYMKPIMDGTYPAIIEQLPSAHLPDIHDGDMAIISQSIDYLGINYYTRQFYKAHPTEIYEPIEPTGPLTDMGWEIYPKSFTELLVTLNNTYTLPPIFITENGAAMPDSYNNGEINDVDRLDYYNSHLNAVHNATEQGVRIDGYFAWSLMDNFEWAEGYLKRFGIVYVDYSTQQRTIKNSGLAYKALISNR,0,5,1,EMBL,WEV93894,https://doi.org/10.1016/j.enzmictec.2023.110289,Uncultured bacterium,no,N/A
OOD1,MTKISLPTCSPLLTKEFIYGVATSSFQIEGGSAHRLPCIWDTFCDTPGKIADNSNGHVACDHYNNWKQDIDLIESLGVDAYRLSISWPRVITKSGELNPEGVKFYTDILDELKKRNIKAFVTLYHWDLPQHLEDEGGWLNRETAYAFAHYVDLITLAFGDRVHSYATLNEPFCSAFLGYEIGIHAPGKVGKQYGRKAAHHLLLAHGLAMTVLKQNSPTTLNGIVLNFTPCYSISEDADDIAATAFADDYLNQWYMKPIMDGTYPAIIEQLPSAHLPDIHDGDMAIISQSIDYLGINYYTRQFYKAHPTEIYEPIEPTGPLTDMGWEIYPKSFTELLVTLNNTYTLPPIFITENGAAMPDSYNNGEINDVDRLDYYNSHLNAVHNATEQGVRIDGYFAWSLMDNFEWAEGYLKRFGIVYVDYSTQQRTIKNSGLAYKALISNR,25,5,1.18,EMBL,WEV93894,https://doi.org/10.1016/j.enzmictec.2023.110289,Uncultured bacterium,no,N/A
OOD1,MTKISLPTCSPLLTKEFIYGVATSSFQIEGGSAHRLPCIWDTFCDTPGKIADNSNGHVACDHYNNWKQDIDLIESLGVDAYRLSISWPRVITKSGELNPEGVKFYTDILDELKKRNIKAFVTLYHWDLPQHLEDEGGWLNRETAYAFAHYVDLITLAFGDRVHSYATLNEPFCSAFLGYEIGIHAPGKVGKQYGRKAAHHLLLAHGLAMTVLKQNSPTTLNGIVLNFTPCYSISEDADDIAATAFADDYLNQWYMKPIMDGTYPAIIEQLPSAHLPDIHDGDMAIISQSIDYLGINYYTRQFYKAHPTEIYEPIEPTGPLTDMGWEIYPKSFTELLVTLNNTYTLPPIFITENGAAMPDSYNNGEINDVDRLDYYNSHLNAVHNATEQGVRIDGYFAWSLMDNFEWAEGYLKRFGIVYVDYSTQQRTIKNSGLAYKALISNR,150,5,2.07,EMBL,WEV93894,https://doi.org/10.1016/j.enzmictec.2023.110289,Uncultured bacterium,no,N/A
OOD1,MTKISLPTCSPLLTKEFIYGVATSSFQIEGGSAHRLPCIWDTFCDTPGKIADNSNGHVACDHYNNWKQDIDLIESLGVDAYRLSISWPRVITKSGELNPEGVKFYTDILDELKKRNIKAFVTLYHWDLPQHLEDEGGWLNRETAYAFAHYVDLITLAFGDRVHSYATLNEPFCSAFLGYEIGIHAPGKVGKQYGRKAAHHLLLAHGLAMTVLKQNSPTTLNGIVLNFTPCYSISEDADDIAATAFADDYLNQWYMKPIMDGTYPAIIEQLPSAHLPDIHDGDMAIISQSIDYLGINYYTRQFYKAHPTEIYEPIEPTGPLTDMGWEIYPKSFTELLVTLNNTYTLPPIFITENGAAMPDSYNNGEINDVDRLDYYNSHLNAVHNATEQGVRIDGYFAWSLMDNFEWAEGYLKRFGIVYVDYSTQQRTIKNSGLAYKALISNR,300,5,2.2,EMBL,WEV93894,https://doi.org/10.1016/j.enzmictec.2023.110289,Uncultured bacterium,no,N/A
OOD1,MTKISLPTCSPLLTKEFIYGVATSSFQIEGGSAHRLPCIWDTFCDTPGKIADNSNGHVACDHYNNWKQDIDLIESLGVDAYRLSISWPRVITKSGELNPEGVKFYTDILDELKKRNIKAFVTLYHWDLPQHLEDEGGWLNRETAYAFAHYVDLITLAFGDRVHSYATLNEPFCSAFLGYEIGIHAPGKVGKQYGRKAAHHLLLAHGLAMTVLKQNSPTTLNGIVLNFTPCYSISEDADDIAATAFADDYLNQWYMKPIMDGTYPAIIEQLPSAHLPDIHDGDMAIISQSIDYLGINYYTRQFYKAHPTEIYEPIEPTGPLTDMGWEIYPKSFTELLVTLNNTYTLPPIFITENGAAMPDSYNNGEINDVDRLDYYNSHLNAVHNATEQGVRIDGYFAWSLMDNFEWAEGYLKRFGIVYVDYSTQQRTIKNSGLAYKALISNR,450,5,1.9,EMBL,WEV93894,https://doi.org/10.1016/j.enzmictec.2023.110289,Uncultured bacterium,no,N/A
OOD1,MTKISLPTCSPLLTKEFIYGVATSSFQIEGGSAHRLPCIWDTFCDTPGKIADNSNGHVACDHYNNWKQDIDLIESLGVDAYRLSISWPRVITKSGELNPEGVKFYTDILDELKKRNIKAFVTLYHWDLPQHLEDEGGWLNRETAYAFAHYVDLITLAFGDRVHSYATLNEPFCSAFLGYEIGIHAPGKVGKQYGRKAAHHLLLAHGLAMTVLKQNSPTTLNGIVLNFTPCYSISEDADDIAATAFADDYLNQWYMKPIMDGTYPAIIEQLPSAHLPDIHDGDMAIISQSIDYLGINYYTRQFYKAHPTEIYEPIEPTGPLTDMGWEIYPKSFTELLVTLNNTYTLPPIFITENGAAMPDSYNNGEINDVDRLDYYNSHLNAVHNATEQGVRIDGYFAWSLMDNFEWAEGYLKRFGIVYVDYSTQQRTIKNSGLAYKALISNR,600,5,1.74,EMBL,WEV93894,https://doi.org/10.1016/j.enzmictec.2023.110289,Uncultured bacterium,no,N/A
OOD1,MTKISLPTCSPLLTKEFIYGVATSSFQIEGGSAHRLPCIWDTFCDTPGKIADNSNGHVACDHYNNWKQDIDLIESLGVDAYRLSISWPRVITKSGELNPEGVKFYTDILDELKKRNIKAFVTLYHWDLPQHLEDEGGWLNRETAYAFAHYVDLITLAFGDRVHSYATLNEPFCSAFLGYEIGIHAPGKVGKQYGRKAAHHLLLAHGLAMTVLKQNSPTTLNGIVLNFTPCYSISEDADDIAATAFADDYLNQWYMKPIMDGTYPAIIEQLPSAHLPDIHDGDMAIISQSIDYLGINYYTRQFYKAHPTEIYEPIEPTGPLTDMGWEIYPKSFTELLVTLNNTYTLPPIFITENGAAMPDSYNNGEINDVDRLDYYNSHLNAVHNATEQGVRIDGYFAWSLMDNFEWAEGYLKRFGIVYVDYSTQQRTIKNSGLAYKALISNR,900,5,1.3,EMBL,WEV93894,https://doi.org/10.1016/j.enzmictec.2023.110289,Uncultured bacterium,no,N/A
OOD1,MTKISLPTCSPLLTKEFIYGVATSSFQIEGGSAHRLPCIWDTFCDTPGKIADNSNGHVACDHYNNWKQDIDLIESLGVDAYRLSISWPRVITKSGELNPEGVKFYTDILDELKKRNIKAFVTLYHWDLPQHLEDEGGWLNRETAYAFAHYVDLITLAFGDRVHSYATLNEPFCSAFLGYEIGIHAPGKVGKQYGRKAAHHLLLAHGLAMTVLKQNSPTTLNGIVLNFTPCYSISEDADDIAATAFADDYLNQWYMKPIMDGTYPAIIEQLPSAHLPDIHDGDMAIISQSIDYLGINYYTRQFYKAHPTEIYEPIEPTGPLTDMGWEIYPKSFTELLVTLNNTYTLPPIFITENGAAMPDSYNNGEINDVDRLDYYNSHLNAVHNATEQGVRIDGYFAWSLMDNFEWAEGYLKRFGIVYVDYSTQQRTIKNSGLAYKALISNR,1200,5,1,EMBL,WEV93894,https://doi.org/10.1016/j.enzmictec.2023.110289,Uncultured bacterium,no,N/A
OOD1,MTKISLPTCSPLLTKEFIYGVATSSFQIEGGSAHRLPCIWDTFCDTPGKIADNSNGHVACDHYNNWKQDIDLIESLGVDAYRLSISWPRVITKSGELNPEGVKFYTDILDELKKRNIKAFVTLYHWDLPQHLEDEGGWLNRETAYAFAHYVDLITLAFGDRVHSYATLNEPFCSAFLGYEIGIHAPGKVGKQYGRKAAHHLLLAHGLAMTVLKQNSPTTLNGIVLNFTPCYSISEDADDIAATAFADDYLNQWYMKPIMDGTYPAIIEQLPSAHLPDIHDGDMAIISQSIDYLGINYYTRQFYKAHPTEIYEPIEPTGPLTDMGWEIYPKSFTELLVTLNNTYTLPPIFITENGAAMPDSYNNGEINDVDRLDYYNSHLNAVHNATEQGVRIDGYFAWSLMDNFEWAEGYLKRFGIVYVDYSTQQRTIKNSGLAYKALISNR,1500,5,0.74,EMBL,WEV93894,https://doi.org/10.1016/j.enzmictec.2023.110289,Uncultured bacterium,no,N/A
OOD1,MTKISLPTCSPLLTKEFIYGVATSSFQIEGGSAHRLPCIWDTFCDTPGKIADNSNGHVACDHYNNWKQDIDLIESLGVDAYRLSISWPRVITKSGELNPEGVKFYTDILDELKKRNIKAFVTLYHWDLPQHLEDEGGWLNRETAYAFAHYVDLITLAFGDRVHSYATLNEPFCSAFLGYEIGIHAPGKVGKQYGRKAAHHLLLAHGLAMTVLKQNSPTTLNGIVLNFTPCYSISEDADDIAATAFADDYLNQWYMKPIMDGTYPAIIEQLPSAHLPDIHDGDMAIISQSIDYLGINYYTRQFYKAHPTEIYEPIEPTGPLTDMGWEIYPKSFTELLVTLNNTYTLPPIFITENGAAMPDSYNNGEINDVDRLDYYNSHLNAVHNATEQGVRIDGYFAWSLMDNFEWAEGYLKRFGIVYVDYSTQQRTIKNSGLAYKALISNR,1800,5,0.53,EMBL,WEV93894,https://doi.org/10.1016/j.enzmictec.2023.110289,Uncultured bacterium,no,N/A
OOD2,MTKISLPTCSPLLTKEFIYGVATSSFQIEGGSAHRLPCIWDTFCDTPGKIADNSNGHVACDHYNNWKQDIDLIESLGVDAYRLSISWPRVITKSGELNPEGVKFYTDILDELKKRNIKAFVTLYHWDLPQHLEDEGGWLNRETAYAFAHYVDLITLAFGDRVHSYATLNEPFCSAFLGYEIGIHAPGKVGKQYGRKAAHHLLLAHGLAMTVLKQNSPTTLNGIDLNFTPCYSISEDADDIAATAFADDYLNQWYMKPIMDGTYPAIIEQLPSAHLPDIHDGDMAIISQSIDYLGINYYTRQFYKAHPTEIYEPIEPTGPLTDMGWEIYPKSFTELLVTLNNTYTLPPIFITENGAAMPDSYNNGEINDVDRLDYYNSHLNAVHNATEQGVRIDGYFAWSLMDNFEWAEGYLKRFGIVYVDYSTQQRTIKNSGLAYKALISNR,0,5,1,EMBL,WEV93894,https://doi.org/10.1016/j.enzmictec.2023.110289,Uncultured bacterium,yes,V224D
OOD2,MTKISLPTCSPLLTKEFIYGVATSSFQIEGGSAHRLPCIWDTFCDTPGKIADNSNGHVACDHYNNWKQDIDLIESLGVDAYRLSISWPRVITKSGELNPEGVKFYTDILDELKKRNIKAFVTLYHWDLPQHLEDEGGWLNRETAYAFAHYVDLITLAFGDRVHSYATLNEPFCSAFLGYEIGIHAPGKVGKQYGRKAAHHLLLAHGLAMTVLKQNSPTTLNGIDLNFTPCYSISEDADDIAATAFADDYLNQWYMKPIMDGTYPAIIEQLPSAHLPDIHDGDMAIISQSIDYLGINYYTRQFYKAHPTEIYEPIEPTGPLTDMGWEIYPKSFTELLVTLNNTYTLPPIFITENGAAMPDSYNNGEINDVDRLDYYNSHLNAVHNATEQGVRIDGYFAWSLMDNFEWAEGYLKRFGIVYVDYSTQQRTIKNSGLAYKALISNR,25,5,1.09,EMBL,WEV93894,https://doi.org/10.1016/j.enzmictec.2023.110289,Uncultured bacterium,yes,V224D
OOD2,MTKISLPTCSPLLTKEFIYGVATSSFQIEGGSAHRLPCIWDTFCDTPGKIADNSNGHVACDHYNNWKQDIDLIESLGVDAYRLSISWPRVITKSGELNPEGVKFYTDILDELKKRNIKAFVTLYHWDLPQHLEDEGGWLNRETAYAFAHYVDLITLAFGDRVHSYATLNEPFCSAFLGYEIGIHAPGKVGKQYGRKAAHHLLLAHGLAMTVLKQNSPTTLNGIDLNFTPCYSISEDADDIAATAFADDYLNQWYMKPIMDGTYPAIIEQLPSAHLPDIHDGDMAIISQSIDYLGINYYTRQFYKAHPTEIYEPIEPTGPLTDMGWEIYPKSFTELLVTLNNTYTLPPIFITENGAAMPDSYNNGEINDVDRLDYYNSHLNAVHNATEQGVRIDGYFAWSLMDNFEWAEGYLKRFGIVYVDYSTQQRTIKNSGLAYKALISNR,150,5,1.13,EMBL,WEV93894,https://doi.org/10.1016/j.enzmictec.2023.110289,Uncultured bacterium,yes,V224D
OOD2,MTKISLPTCSPLLTKEFIYGVATSSFQIEGGSAHRLPCIWDTFCDTPGKIADNSNGHVACDHYNNWKQDIDLIESLGVDAYRLSISWPRVITKSGELNPEGVKFYTDILDELKKRNIKAFVTLYHWDLPQHLEDEGGWLNRETAYAFAHYVDLITLAFGDRVHSYATLNEPFCSAFLGYEIGIHAPGKVGKQYGRKAAHHLLLAHGLAMTVLKQNSPTTLNGIDLNFTPCYSISEDADDIAATAFADDYLNQWYMKPIMDGTYPAIIEQLPSAHLPDIHDGDMAIISQSIDYLGINYYTRQFYKAHPTEIYEPIEPTGPLTDMGWEIYPKSFTELLVTLNNTYTLPPIFITENGAAMPDSYNNGEINDVDRLDYYNSHLNAVHNATEQGVRIDGYFAWSLMDNFEWAEGYLKRFGIVYVDYSTQQRTIKNSGLAYKALISNR,300,5,0.82,EMBL,WEV93894,https://doi.org/10.1016/j.enzmictec.2023.110289,Uncultured bacterium,yes,V224D
OOD2,MTKISLPTCSPLLTKEFIYGVATSSFQIEGGSAHRLPCIWDTFCDTPGKIADNSNGHVACDHYNNWKQDIDLIESLGVDAYRLSISWPRVITKSGELNPEGVKFYTDILDELKKRNIKAFVTLYHWDLPQHLEDEGGWLNRETAYAFAHYVDLITLAFGDRVHSYATLNEPFCSAFLGYEIGIHAPGKVGKQYGRKAAHHLLLAHGLAMTVLKQNSPTTLNGIDLNFTPCYSISEDADDIAATAFADDYLNQWYMKPIMDGTYPAIIEQLPSAHLPDIHDGDMAIISQSIDYLGINYYTRQFYKAHPTEIYEPIEPTGPLTDMGWEIYPKSFTELLVTLNNTYTLPPIFITENGAAMPDSYNNGEINDVDRLDYYNSHLNAVHNATEQGVRIDGYFAWSLMDNFEWAEGYLKRFGIVYVDYSTQQRTIKNSGLAYKALISNR,450,5,0.66,EMBL,WEV93894,https://doi.org/10.1016/j.enzmictec.2023.110289,Uncultured bacterium,yes,V224D
OOD2,MTKISLPTCSPLLTKEFIYGVATSSFQIEGGSAHRLPCIWDTFCDTPGKIADNSNGHVACDHYNNWKQDIDLIESLGVDAYRLSISWPRVITKSGELNPEGVKFYTDILDELKKRNIKAFVTLYHWDLPQHLEDEGGWLNRETAYAFAHYVDLITLAFGDRVHSYATLNEPFCSAFLGYEIGIHAPGKVGKQYGRKAAHHLLLAHGLAMTVLKQNSPTTLNGIDLNFTPCYSISEDADDIAATAFADDYLNQWYMKPIMDGTYPAIIEQLPSAHLPDIHDGDMAIISQSIDYLGINYYTRQFYKAHPTEIYEPIEPTGPLTDMGWEIYPKSFTELLVTLNNTYTLPPIFITENGAAMPDSYNNGEINDVDRLDYYNSHLNAVHNATEQGVRIDGYFAWSLMDNFEWAEGYLKRFGIVYVDYSTQQRTIKNSGLAYKALISNR,600,5,0.54,EMBL,WEV93894,https://doi.org/10.1016/j.enzmictec.2023.110289,Uncultured bacterium,yes,V224D
OOD2,MTKISLPTCSPLLTKEFIYGVATSSFQIEGGSAHRLPCIWDTFCDTPGKIADNSNGHVACDHYNNWKQDIDLIESLGVDAYRLSISWPRVITKSGELNPEGVKFYTDILDELKKRNIKAFVTLYHWDLPQHLEDEGGWLNRETAYAFAHYVDLITLAFGDRVHSYATLNEPFCSAFLGYEIGIHAPGKVGKQYGRKAAHHLLLAHGLAMTVLKQNSPTTLNGIDLNFTPCYSISEDADDIAATAFADDYLNQWYMKPIMDGTYPAIIEQLPSAHLPDIHDGDMAIISQSIDYLGINYYTRQFYKAHPTEIYEPIEPTGPLTDMGWEIYPKSFTELLVTLNNTYTLPPIFITENGAAMPDSYNNGEINDVDRLDYYNSHLNAVHNATEQGVRIDGYFAWSLMDNFEWAEGYLKRFGIVYVDYSTQQRTIKNSGLAYKALISNR,900,5,0.38,EMBL,WEV93894,https://doi.org/10.1016/j.enzmictec.2023.110289,Uncultured bacterium,yes,V224D
OOD2,MTKISLPTCSPLLTKEFIYGVATSSFQIEGGSAHRLPCIWDTFCDTPGKIADNSNGHVACDHYNNWKQDIDLIESLGVDAYRLSISWPRVITKSGELNPEGVKFYTDILDELKKRNIKAFVTLYHWDLPQHLEDEGGWLNRETAYAFAHYVDLITLAFGDRVHSYATLNEPFCSAFLGYEIGIHAPGKVGKQYGRKAAHHLLLAHGLAMTVLKQNSPTTLNGIDLNFTPCYSISEDADDIAATAFADDYLNQWYMKPIMDGTYPAIIEQLPSAHLPDIHDGDMAIISQSIDYLGINYYTRQFYKAHPTEIYEPIEPTGPLTDMGWEIYPKSFTELLVTLNNTYTLPPIFITENGAAMPDSYNNGEINDVDRLDYYNSHLNAVHNATEQGVRIDGYFAWSLMDNFEWAEGYLKRFGIVYVDYSTQQRTIKNSGLAYKALISNR,1200,5,0.29,EMBL,WEV93894,https://doi.org/10.1016/j.enzmictec.2023.110289,Uncultured bacterium,yes,V224D
OOD2,MTKISLPTCSPLLTKEFIYGVATSSFQIEGGSAHRLPCIWDTFCDTPGKIADNSNGHVACDHYNNWKQDIDLIESLGVDAYRLSISWPRVITKSGELNPEGVKFYTDILDELKKRNIKAFVTLYHWDLPQHLEDEGGWLNRETAYAFAHYVDLITLAFGDRVHSYATLNEPFCSAFLGYEIGIHAPGKVGKQYGRKAAHHLLLAHGLAMTVLKQNSPTTLNGIDLNFTPCYSISEDADDIAATAFADDYLNQWYMKPIMDGTYPAIIEQLPSAHLPDIHDGDMAIISQSIDYLGINYYTRQFYKAHPTEIYEPIEPTGPLTDMGWEIYPKSFTELLVTLNNTYTLPPIFITENGAAMPDSYNNGEINDVDRLDYYNSHLNAVHNATEQGVRIDGYFAWSLMDNFEWAEGYLKRFGIVYVDYSTQQRTIKNSGLAYKALISNR,1500,5,0.21,EMBL,WEV93894,https://doi.org/10.1016/j.enzmictec.2023.110289,Uncultured bacterium,yes,V224D
OOD2,MTKISLPTCSPLLTKEFIYGVATSSFQIEGGSAHRLPCIWDTFCDTPGKIADNSNGHVACDHYNNWKQDIDLIESLGVDAYRLSISWPRVITKSGELNPEGVKFYTDILDELKKRNIKAFVTLYHWDLPQHLEDEGGWLNRETAYAFAHYVDLITLAFGDRVHSYATLNEPFCSAFLGYEIGIHAPGKVGKQYGRKAAHHLLLAHGLAMTVLKQNSPTTLNGIDLNFTPCYSISEDADDIAATAFADDYLNQWYMKPIMDGTYPAIIEQLPSAHLPDIHDGDMAIISQSIDYLGINYYTRQFYKAHPTEIYEPIEPTGPLTDMGWEIYPKSFTELLVTLNNTYTLPPIFITENGAAMPDSYNNGEINDVDRLDYYNSHLNAVHNATEQGVRIDGYFAWSLMDNFEWAEGYLKRFGIVYVDYSTQQRTIKNSGLAYKALISNR,1800,5,0.15,EMBL,WEV93894,https://doi.org/10.1016/j.enzmictec.2023.110289,Uncultured bacterium,yes,V224D
OOD3,MTKISLPTCSPLLTKEFIYGVSTSSFQIEGGSAHRLPCIWDTFCDTPGKIADNSNGHVACDHYNNWKQDIDLIESLGVDAYRLSISWPRVITKSGELNPEGVKFYTDILDELKKRNIKAFVTLYHWDLPQHLEDEGGWLNRETAYAFAHYVDLITLAFGDRVHSYATLNEPFCSAFLGYEIGIHAPGKVGKQYGRKAAHHLLLAHGLAMTVLKQNSPTTLNGIVLNFTPCYSISEDADDIAATAFADDYLNQWYMKPIMDGTYPAIIEQLPSAHLPDIHDGDMAIISQSIDYLGINYYTRQFYKAHPTEIYEPIEPTGPLTDMGWEIYPKSFTELLVTLNNTYTLPPIFITENGAAMPDSYNNGEINDVDRLDYYNSHLNAVHNATEQGVRIDGYFAWSLMDNFEWAEGYLKRFGIVYVDYSTQQRTIKNSGLAYKALISNR,0,5,1,EMBL,WEV93894,https://doi.org/10.1016/j.enzmictec.2023.110289,Uncultured bacterium,yes,A22S
OOD3,MTKISLPTCSPLLTKEFIYGVSTSSFQIEGGSAHRLPCIWDTFCDTPGKIADNSNGHVACDHYNNWKQDIDLIESLGVDAYRLSISWPRVITKSGELNPEGVKFYTDILDELKKRNIKAFVTLYHWDLPQHLEDEGGWLNRETAYAFAHYVDLITLAFGDRVHSYATLNEPFCSAFLGYEIGIHAPGKVGKQYGRKAAHHLLLAHGLAMTVLKQNSPTTLNGIVLNFTPCYSISEDADDIAATAFADDYLNQWYMKPIMDGTYPAIIEQLPSAHLPDIHDGDMAIISQSIDYLGINYYTRQFYKAHPTEIYEPIEPTGPLTDMGWEIYPKSFTELLVTLNNTYTLPPIFITENGAAMPDSYNNGEINDVDRLDYYNSHLNAVHNATEQGVRIDGYFAWSLMDNFEWAEGYLKRFGIVYVDYSTQQRTIKNSGLAYKALISNR,25,5,1.19,EMBL,WEV93894,https://doi.org/10.1016/j.enzmictec.2023.110289,Uncultured bacterium,yes,A22S
OOD3,MTKISLPTCSPLLTKEFIYGVSTSSFQIEGGSAHRLPCIWDTFCDTPGKIADNSNGHVACDHYNNWKQDIDLIESLGVDAYRLSISWPRVITKSGELNPEGVKFYTDILDELKKRNIKAFVTLYHWDLPQHLEDEGGWLNRETAYAFAHYVDLITLAFGDRVHSYATLNEPFCSAFLGYEIGIHAPGKVGKQYGRKAAHHLLLAHGLAMTVLKQNSPTTLNGIVLNFTPCYSISEDADDIAATAFADDYLNQWYMKPIMDGTYPAIIEQLPSAHLPDIHDGDMAIISQSIDYLGINYYTRQFYKAHPTEIYEPIEPTGPLTDMGWEIYPKSFTELLVTLNNTYTLPPIFITENGAAMPDSYNNGEINDVDRLDYYNSHLNAVHNATEQGVRIDGYFAWSLMDNFEWAEGYLKRFGIVYVDYSTQQRTIKNSGLAYKALISNR,150,5,1.37,EMBL,WEV93894,https://doi.org/10.1016/j.enzmictec.2023.110289,Uncultured bacterium,yes,A22S
OOD3,MTKISLPTCSPLLTKEFIYGVSTSSFQIEGGSAHRLPCIWDTFCDTPGKIADNSNGHVACDHYNNWKQDIDLIESLGVDAYRLSISWPRVITKSGELNPEGVKFYTDILDELKKRNIKAFVTLYHWDLPQHLEDEGGWLNRETAYAFAHYVDLITLAFGDRVHSYATLNEPFCSAFLGYEIGIHAPGKVGKQYGRKAAHHLLLAHGLAMTVLKQNSPTTLNGIVLNFTPCYSISEDADDIAATAFADDYLNQWYMKPIMDGTYPAIIEQLPSAHLPDIHDGDMAIISQSIDYLGINYYTRQFYKAHPTEIYEPIEPTGPLTDMGWEIYPKSFTELLVTLNNTYTLPPIFITENGAAMPDSYNNGEINDVDRLDYYNSHLNAVHNATEQGVRIDGYFAWSLMDNFEWAEGYLKRFGIVYVDYSTQQRTIKNSGLAYKALISNR,300,5,1.28,EMBL,WEV93894,https://doi.org/10.1016/j.enzmictec.2023.110289,Uncultured bacterium,yes,A22S
OOD3,MTKISLPTCSPLLTKEFIYGVSTSSFQIEGGSAHRLPCIWDTFCDTPGKIADNSNGHVACDHYNNWKQDIDLIESLGVDAYRLSISWPRVITKSGELNPEGVKFYTDILDELKKRNIKAFVTLYHWDLPQHLEDEGGWLNRETAYAFAHYVDLITLAFGDRVHSYATLNEPFCSAFLGYEIGIHAPGKVGKQYGRKAAHHLLLAHGLAMTVLKQNSPTTLNGIVLNFTPCYSISEDADDIAATAFADDYLNQWYMKPIMDGTYPAIIEQLPSAHLPDIHDGDMAIISQSIDYLGINYYTRQFYKAHPTEIYEPIEPTGPLTDMGWEIYPKSFTELLVTLNNTYTLPPIFITENGAAMPDSYNNGEINDVDRLDYYNSHLNAVHNATEQGVRIDGYFAWSLMDNFEWAEGYLKRFGIVYVDYSTQQRTIKNSGLAYKALISNR,450,5,1.13,EMBL,WEV93894,https://doi.org/10.1016/j.enzmictec.2023.110289,Uncultured bacterium,yes,A22S
OOD3,MTKISLPTCSPLLTKEFIYGVSTSSFQIEGGSAHRLPCIWDTFCDTPGKIADNSNGHVACDHYNNWKQDIDLIESLGVDAYRLSISWPRVITKSGELNPEGVKFYTDILDELKKRNIKAFVTLYHWDLPQHLEDEGGWLNRETAYAFAHYVDLITLAFGDRVHSYATLNEPFCSAFLGYEIGIHAPGKVGKQYGRKAAHHLLLAHGLAMTVLKQNSPTTLNGIVLNFTPCYSISEDADDIAATAFADDYLNQWYMKPIMDGTYPAIIEQLPSAHLPDIHDGDMAIISQSIDYLGINYYTRQFYKAHPTEIYEPIEPTGPLTDMGWEIYPKSFTELLVTLNNTYTLPPIFITENGAAMPDSYNNGEINDVDRLDYYNSHLNAVHNATEQGVRIDGYFAWSLMDNFEWAEGYLKRFGIVYVDYSTQQRTIKNSGLAYKALISNR,600,5,0.95,EMBL,WEV93894,https://doi.org/10.1016/j.enzmictec.2023.110289,Uncultured bacterium,yes,A22S
OOD3,MTKISLPTCSPLLTKEFIYGVSTSSFQIEGGSAHRLPCIWDTFCDTPGKIADNSNGHVACDHYNNWKQDIDLIESLGVDAYRLSISWPRVITKSGELNPEGVKFYTDILDELKKRNIKAFVTLYHWDLPQHLEDEGGWLNRETAYAFAHYVDLITLAFGDRVHSYATLNEPFCSAFLGYEIGIHAPGKVGKQYGRKAAHHLLLAHGLAMTVLKQNSPTTLNGIVLNFTPCYSISEDADDIAATAFADDYLNQWYMKPIMDGTYPAIIEQLPSAHLPDIHDGDMAIISQSIDYLGINYYTRQFYKAHPTEIYEPIEPTGPLTDMGWEIYPKSFTELLVTLNNTYTLPPIFITENGAAMPDSYNNGEINDVDRLDYYNSHLNAVHNATEQGVRIDGYFAWSLMDNFEWAEGYLKRFGIVYVDYSTQQRTIKNSGLAYKALISNR,900,5,0.76,EMBL,WEV93894,https://doi.org/10.1016/j.enzmictec.2023.110289,Uncultured bacterium,yes,A22S
OOD3,MTKISLPTCSPLLTKEFIYGVSTSSFQIEGGSAHRLPCIWDTFCDTPGKIADNSNGHVACDHYNNWKQDIDLIESLGVDAYRLSISWPRVITKSGELNPEGVKFYTDILDELKKRNIKAFVTLYHWDLPQHLEDEGGWLNRETAYAFAHYVDLITLAFGDRVHSYATLNEPFCSAFLGYEIGIHAPGKVGKQYGRKAAHHLLLAHGLAMTVLKQNSPTTLNGIVLNFTPCYSISEDADDIAATAFADDYLNQWYMKPIMDGTYPAIIEQLPSAHLPDIHDGDMAIISQSIDYLGINYYTRQFYKAHPTEIYEPIEPTGPLTDMGWEIYPKSFTELLVTLNNTYTLPPIFITENGAAMPDSYNNGEINDVDRLDYYNSHLNAVHNATEQGVRIDGYFAWSLMDNFEWAEGYLKRFGIVYVDYSTQQRTIKNSGLAYKALISNR,1200,5,0.6,EMBL,WEV93894,https://doi.org/10.1016/j.enzmictec.2023.110289,Uncultured bacterium,yes,A22S
OOD3,MTKISLPTCSPLLTKEFIYGVSTSSFQIEGGSAHRLPCIWDTFCDTPGKIADNSNGHVACDHYNNWKQDIDLIESLGVDAYRLSISWPRVITKSGELNPEGVKFYTDILDELKKRNIKAFVTLYHWDLPQHLEDEGGWLNRETAYAFAHYVDLITLAFGDRVHSYATLNEPFCSAFLGYEIGIHAPGKVGKQYGRKAAHHLLLAHGLAMTVLKQNSPTTLNGIVLNFTPCYSISEDADDIAATAFADDYLNQWYMKPIMDGTYPAIIEQLPSAHLPDIHDGDMAIISQSIDYLGINYYTRQFYKAHPTEIYEPIEPTGPLTDMGWEIYPKSFTELLVTLNNTYTLPPIFITENGAAMPDSYNNGEINDVDRLDYYNSHLNAVHNATEQGVRIDGYFAWSLMDNFEWAEGYLKRFGIVYVDYSTQQRTIKNSGLAYKALISNR,1500,5,0.43,EMBL,WEV93894,https://doi.org/10.1016/j.enzmictec.2023.110289,Uncultured bacterium,yes,A22S
OOD3,MTKISLPTCSPLLTKEFIYGVSTSSFQIEGGSAHRLPCIWDTFCDTPGKIADNSNGHVACDHYNNWKQDIDLIESLGVDAYRLSISWPRVITKSGELNPEGVKFYTDILDELKKRNIKAFVTLYHWDLPQHLEDEGGWLNRETAYAFAHYVDLITLAFGDRVHSYATLNEPFCSAFLGYEIGIHAPGKVGKQYGRKAAHHLLLAHGLAMTVLKQNSPTTLNGIVLNFTPCYSISEDADDIAATAFADDYLNQWYMKPIMDGTYPAIIEQLPSAHLPDIHDGDMAIISQSIDYLGINYYTRQFYKAHPTEIYEPIEPTGPLTDMGWEIYPKSFTELLVTLNNTYTLPPIFITENGAAMPDSYNNGEINDVDRLDYYNSHLNAVHNATEQGVRIDGYFAWSLMDNFEWAEGYLKRFGIVYVDYSTQQRTIKNSGLAYKALISNR,1800,5,0.32,EMBL,WEV93894,https://doi.org/10.1016/j.enzmictec.2023.110289,Uncultured bacterium,yes,A22S
OOD4,MTKISLPTCSPLLTKEFIYGVSTSSFQIEGGSAHRLPCIWDTFCDTPGKIADNSNGHVACDHYNNWKQDIDLIESLGVDAYRLSISWPRVITKSGELNPEGVKFYTDILDELKKRNIKAFVTLYHWDLPQHLEDEGGWLNRETAYAFAHYVDLITLAFGDRVHSYATLNEPFCSAFLGYEIGIHAPGKVGKQYGRKAAHHLLLAHGLAMTVLKQNSPTTLNGIDLNFTPCYSISEDADDIAATAFADDYLNQWYMKPIMDGTYPAIIEQLPSAHLPDIHDGDMAIISQSIDYLGINYYTRQFYKAHPTEIYEPIEPTGPLTDMGWEIYPKSFTELLVTLNNTYTLPPIFITENGAAMPDSYNNGEINDVDRLDYYNSHLNAVHNATEQGVRIDGYFAWSLMDNFEWAEGYLKRFGIVYVDYSTQQRTIKNSGLAYKALISNR,0,5,1,EMBL,WEV93894,https://doi.org/10.1016/j.enzmictec.2023.110289,Uncultured bacterium,yes,A22S/V224D
OOD4,MTKISLPTCSPLLTKEFIYGVSTSSFQIEGGSAHRLPCIWDTFCDTPGKIADNSNGHVACDHYNNWKQDIDLIESLGVDAYRLSISWPRVITKSGELNPEGVKFYTDILDELKKRNIKAFVTLYHWDLPQHLEDEGGWLNRETAYAFAHYVDLITLAFGDRVHSYATLNEPFCSAFLGYEIGIHAPGKVGKQYGRKAAHHLLLAHGLAMTVLKQNSPTTLNGIDLNFTPCYSISEDADDIAATAFADDYLNQWYMKPIMDGTYPAIIEQLPSAHLPDIHDGDMAIISQSIDYLGINYYTRQFYKAHPTEIYEPIEPTGPLTDMGWEIYPKSFTELLVTLNNTYTLPPIFITENGAAMPDSYNNGEINDVDRLDYYNSHLNAVHNATEQGVRIDGYFAWSLMDNFEWAEGYLKRFGIVYVDYSTQQRTIKNSGLAYKALISNR,25,5,0.94,EMBL,WEV93894,https://doi.org/10.1016/j.enzmictec.2023.110289,Uncultured bacterium,yes,A22S/V224D
OOD4,MTKISLPTCSPLLTKEFIYGVSTSSFQIEGGSAHRLPCIWDTFCDTPGKIADNSNGHVACDHYNNWKQDIDLIESLGVDAYRLSISWPRVITKSGELNPEGVKFYTDILDELKKRNIKAFVTLYHWDLPQHLEDEGGWLNRETAYAFAHYVDLITLAFGDRVHSYATLNEPFCSAFLGYEIGIHAPGKVGKQYGRKAAHHLLLAHGLAMTVLKQNSPTTLNGIDLNFTPCYSISEDADDIAATAFADDYLNQWYMKPIMDGTYPAIIEQLPSAHLPDIHDGDMAIISQSIDYLGINYYTRQFYKAHPTEIYEPIEPTGPLTDMGWEIYPKSFTELLVTLNNTYTLPPIFITENGAAMPDSYNNGEINDVDRLDYYNSHLNAVHNATEQGVRIDGYFAWSLMDNFEWAEGYLKRFGIVYVDYSTQQRTIKNSGLAYKALISNR,150,5,0.74,EMBL,WEV93894,https://doi.org/10.1016/j.enzmictec.2023.110289,Uncultured bacterium,yes,A22S/V224D
OOD4,MTKISLPTCSPLLTKEFIYGVSTSSFQIEGGSAHRLPCIWDTFCDTPGKIADNSNGHVACDHYNNWKQDIDLIESLGVDAYRLSISWPRVITKSGELNPEGVKFYTDILDELKKRNIKAFVTLYHWDLPQHLEDEGGWLNRETAYAFAHYVDLITLAFGDRVHSYATLNEPFCSAFLGYEIGIHAPGKVGKQYGRKAAHHLLLAHGLAMTVLKQNSPTTLNGIDLNFTPCYSISEDADDIAATAFADDYLNQWYMKPIMDGTYPAIIEQLPSAHLPDIHDGDMAIISQSIDYLGINYYTRQFYKAHPTEIYEPIEPTGPLTDMGWEIYPKSFTELLVTLNNTYTLPPIFITENGAAMPDSYNNGEINDVDRLDYYNSHLNAVHNATEQGVRIDGYFAWSLMDNFEWAEGYLKRFGIVYVDYSTQQRTIKNSGLAYKALISNR,300,5,0.53,EMBL,WEV93894,https://doi.org/10.1016/j.enzmictec.2023.110289,Uncultured bacterium,yes,A22S/V224D
OOD4,MTKISLPTCSPLLTKEFIYGVSTSSFQIEGGSAHRLPCIWDTFCDTPGKIADNSNGHVACDHYNNWKQDIDLIESLGVDAYRLSISWPRVITKSGELNPEGVKFYTDILDELKKRNIKAFVTLYHWDLPQHLEDEGGWLNRETAYAFAHYVDLITLAFGDRVHSYATLNEPFCSAFLGYEIGIHAPGKVGKQYGRKAAHHLLLAHGLAMTVLKQNSPTTLNGIDLNFTPCYSISEDADDIAATAFADDYLNQWYMKPIMDGTYPAIIEQLPSAHLPDIHDGDMAIISQSIDYLGINYYTRQFYKAHPTEIYEPIEPTGPLTDMGWEIYPKSFTELLVTLNNTYTLPPIFITENGAAMPDSYNNGEINDVDRLDYYNSHLNAVHNATEQGVRIDGYFAWSLMDNFEWAEGYLKRFGIVYVDYSTQQRTIKNSGLAYKALISNR,450,5,0.4,EMBL,WEV93894,https://doi.org/10.1016/j.enzmictec.2023.110289,Uncultured bacterium,yes,A22S/V224D
OOD4,MTKISLPTCSPLLTKEFIYGVSTSSFQIEGGSAHRLPCIWDTFCDTPGKIADNSNGHVACDHYNNWKQDIDLIESLGVDAYRLSISWPRVITKSGELNPEGVKFYTDILDELKKRNIKAFVTLYHWDLPQHLEDEGGWLNRETAYAFAHYVDLITLAFGDRVHSYATLNEPFCSAFLGYEIGIHAPGKVGKQYGRKAAHHLLLAHGLAMTVLKQNSPTTLNGIDLNFTPCYSISEDADDIAATAFADDYLNQWYMKPIMDGTYPAIIEQLPSAHLPDIHDGDMAIISQSIDYLGINYYTRQFYKAHPTEIYEPIEPTGPLTDMGWEIYPKSFTELLVTLNNTYTLPPIFITENGAAMPDSYNNGEINDVDRLDYYNSHLNAVHNATEQGVRIDGYFAWSLMDNFEWAEGYLKRFGIVYVDYSTQQRTIKNSGLAYKALISNR,600,5,0.31,EMBL,WEV93894,https://doi.org/10.1016/j.enzmictec.2023.110289,Uncultured bacterium,yes,A22S/V224D
OOD4,MTKISLPTCSPLLTKEFIYGVSTSSFQIEGGSAHRLPCIWDTFCDTPGKIADNSNGHVACDHYNNWKQDIDLIESLGVDAYRLSISWPRVITKSGELNPEGVKFYTDILDELKKRNIKAFVTLYHWDLPQHLEDEGGWLNRETAYAFAHYVDLITLAFGDRVHSYATLNEPFCSAFLGYEIGIHAPGKVGKQYGRKAAHHLLLAHGLAMTVLKQNSPTTLNGIDLNFTPCYSISEDADDIAATAFADDYLNQWYMKPIMDGTYPAIIEQLPSAHLPDIHDGDMAIISQSIDYLGINYYTRQFYKAHPTEIYEPIEPTGPLTDMGWEIYPKSFTELLVTLNNTYTLPPIFITENGAAMPDSYNNGEINDVDRLDYYNSHLNAVHNATEQGVRIDGYFAWSLMDNFEWAEGYLKRFGIVYVDYSTQQRTIKNSGLAYKALISNR,900,5,0.22,EMBL,WEV93894,https://doi.org/10.1016/j.enzmictec.2023.110289,Uncultured bacterium,yes,A22S/V224D
OOD4,MTKISLPTCSPLLTKEFIYGVSTSSFQIEGGSAHRLPCIWDTFCDTPGKIADNSNGHVACDHYNNWKQDIDLIESLGVDAYRLSISWPRVITKSGELNPEGVKFYTDILDELKKRNIKAFVTLYHWDLPQHLEDEGGWLNRETAYAFAHYVDLITLAFGDRVHSYATLNEPFCSAFLGYEIGIHAPGKVGKQYGRKAAHHLLLAHGLAMTVLKQNSPTTLNGIDLNFTPCYSISEDADDIAATAFADDYLNQWYMKPIMDGTYPAIIEQLPSAHLPDIHDGDMAIISQSIDYLGINYYTRQFYKAHPTEIYEPIEPTGPLTDMGWEIYPKSFTELLVTLNNTYTLPPIFITENGAAMPDSYNNGEINDVDRLDYYNSHLNAVHNATEQGVRIDGYFAWSLMDNFEWAEGYLKRFGIVYVDYSTQQRTIKNSGLAYKALISNR,1200,5,0.17,EMBL,WEV93894,https://doi.org/10.1016/j.enzmictec.2023.110289,Uncultured bacterium,yes,A22S/V224D
OOD4,MTKISLPTCSPLLTKEFIYGVSTSSFQIEGGSAHRLPCIWDTFCDTPGKIADNSNGHVACDHYNNWKQDIDLIESLGVDAYRLSISWPRVITKSGELNPEGVKFYTDILDELKKRNIKAFVTLYHWDLPQHLEDEGGWLNRETAYAFAHYVDLITLAFGDRVHSYATLNEPFCSAFLGYEIGIHAPGKVGKQYGRKAAHHLLLAHGLAMTVLKQNSPTTLNGIDLNFTPCYSISEDADDIAATAFADDYLNQWYMKPIMDGTYPAIIEQLPSAHLPDIHDGDMAIISQSIDYLGINYYTRQFYKAHPTEIYEPIEPTGPLTDMGWEIYPKSFTELLVTLNNTYTLPPIFITENGAAMPDSYNNGEINDVDRLDYYNSHLNAVHNATEQGVRIDGYFAWSLMDNFEWAEGYLKRFGIVYVDYSTQQRTIKNSGLAYKALISNR,1500,5,0.13,EMBL,WEV93894,https://doi.org/10.1016/j.enzmictec.2023.110289,Uncultured bacterium,yes,A22S/V224D
OOD4,MTKISLPTCSPLLTKEFIYGVSTSSFQIEGGSAHRLPCIWDTFCDTPGKIADNSNGHVACDHYNNWKQDIDLIESLGVDAYRLSISWPRVITKSGELNPEGVKFYTDILDELKKRNIKAFVTLYHWDLPQHLEDEGGWLNRETAYAFAHYVDLITLAFGDRVHSYATLNEPFCSAFLGYEIGIHAPGKVGKQYGRKAAHHLLLAHGLAMTVLKQNSPTTLNGIDLNFTPCYSISEDADDIAATAFADDYLNQWYMKPIMDGTYPAIIEQLPSAHLPDIHDGDMAIISQSIDYLGINYYTRQFYKAHPTEIYEPIEPTGPLTDMGWEIYPKSFTELLVTLNNTYTLPPIFITENGAAMPDSYNNGEINDVDRLDYYNSHLNAVHNATEQGVRIDGYFAWSLMDNFEWAEGYLKRFGIVYVDYSTQQRTIKNSGLAYKALISNR,1800,5,0.08,EMBL,WEV93894,https://doi.org/10.1016/j.enzmictec.2023.110289,Uncultured bacterium,yes,A22S/V224D
OOD5,MKFPKDFLFGYSWSGFQFEMGLPGSEVPNSDWWVWVHDKENIASGLVSGDLPENGPAYWHLYKQDHDIAESLGMDAIRGGIEWARIFPKPTFDVKVDVEKDEDGNIVSVDVPESAIEELEKIADMEALEHYRKIYSDWKERGKTFILNLYHWPLPLWLHDPIKVRRLGPDRAPSGWLDDRSVVEFAKFAAFVAYHLDDLVDMWSTMNEPNVVYEQGYTRPKSGFPPGYLSFEASEKAKMNLIQAHARAYDAIKEYSDKPVGIIYAYTWLDPLNEEIEDEVREIRKRDLYSFVDAVHSGKSASAEEREDLKGRVDWIGVNYYSRLAFGKVNGHIVPLPGYGFSSERGGYAKSGRPASDFGWEIYPEGLEKLLRELSKRYNLPMMITENGIADAADRYRPYYLVSHLKAVYNAMKEGADVRGYLHWSLTDNYEWAQGFRMRFGLVYVDFETKKRYLRPSALVFREIATRKEIPEELEHLADLNALTRR,0,4,1.00,-,-,https://doi.org/10.1021/acssynbio.5c00257,-,no,N/A
OOD5,MKFPKDFLFGYSWSGFQFEMGLPGSEVPNSDWWVWVHDKENIASGLVSGDLPENGPAYWHLYKQDHDIAESLGMDAIRGGIEWARIFPKPTFDVKVDVEKDEDGNIVSVDVPESAIEELEKIADMEALEHYRKIYSDWKERGKTFILNLYHWPLPLWLHDPIKVRRLGPDRAPSGWLDDRSVVEFAKFAAFVAYHLDDLVDMWSTMNEPNVVYEQGYTRPKSGFPPGYLSFEASEKAKMNLIQAHARAYDAIKEYSDKPVGIIYAYTWLDPLNEEIEDEVREIRKRDLYSFVDAVHSGKSASAEEREDLKGRVDWIGVNYYSRLAFGKVNGHIVPLPGYGFSSERGGYAKSGRPASDFGWEIYPEGLEKLLRELSKRYNLPMMITENGIADAADRYRPYYLVSHLKAVYNAMKEGADVRGYLHWSLTDNYEWAQGFRMRFGLVYVDFETKKRYLRPSALVFREIATRKEIPEELEHLADLNALTRR,50,4,1.08,-,-,https://doi.org/10.1021/acssynbio.5c00257,-,no,N/A
OOD5,MKFPKDFLFGYSWSGFQFEMGLPGSEVPNSDWWVWVHDKENIASGLVSGDLPENGPAYWHLYKQDHDIAESLGMDAIRGGIEWARIFPKPTFDVKVDVEKDEDGNIVSVDVPESAIEELEKIADMEALEHYRKIYSDWKERGKTFILNLYHWPLPLWLHDPIKVRRLGPDRAPSGWLDDRSVVEFAKFAAFVAYHLDDLVDMWSTMNEPNVVYEQGYTRPKSGFPPGYLSFEASEKAKMNLIQAHARAYDAIKEYSDKPVGIIYAYTWLDPLNEEIEDEVREIRKRDLYSFVDAVHSGKSASAEEREDLKGRVDWIGVNYYSRLAFGKVNGHIVPLPGYGFSSERGGYAKSGRPASDFGWEIYPEGLEKLLRELSKRYNLPMMITENGIADAADRYRPYYLVSHLKAVYNAMKEGADVRGYLHWSLTDNYEWAQGFRMRFGLVYVDFETKKRYLRPSALVFREIATRKEIPEELEHLADLNALTRR,250,4,1.00,-,-,https://doi.org/10.1021/acssynbio.5c00257,-,no,N/A
OOD5,MKFPKDFLFGYSWSGFQFEMGLPGSEVPNSDWWVWVHDKENIASGLVSGDLPENGPAYWHLYKQDHDIAESLGMDAIRGGIEWARIFPKPTFDVKVDVEKDEDGNIVSVDVPESAIEELEKIADMEALEHYRKIYSDWKERGKTFILNLYHWPLPLWLHDPIKVRRLGPDRAPSGWLDDRSVVEFAKFAAFVAYHLDDLVDMWSTMNEPNVVYEQGYTRPKSGFPPGYLSFEASEKAKMNLIQAHARAYDAIKEYSDKPVGIIYAYTWLDPLNEEIEDEVREIRKRDLYSFVDAVHSGKSASAEEREDLKGRVDWIGVNYYSRLAFGKVNGHIVPLPGYGFSSERGGYAKSGRPASDFGWEIYPEGLEKLLRELSKRYNLPMMITENGIADAADRYRPYYLVSHLKAVYNAMKEGADVRGYLHWSLTDNYEWAQGFRMRFGLVYVDFETKKRYLRPSALVFREIATRKEIPEELEHLADLNALTRR,500,4,0.75,-,-,https://doi.org/10.1021/acssynbio.5c00257,-,no,N/A
OOD6,MKFPKDFLFGYSWSGFQFEMGLPGSEVPNSDWWVWVHDKENIASGLVSGDLPENGPAYWHLYKQDHDIAESLGMDAIRGGIEWARIFPKPTFDVKVDVEKDEDGNIVSVDVPESAIEELEKLADMEALEHYRKIYSDWKERGKTFILNLYHWPLPLWLHDPIAVRRLGPDRAPSGWLDERSVVEFVKFAAFVAYHLDDLVDMWSTMNEPNVVYEQGYTRPNSGFPPGYLSFEASEKAKMNLIQAHARAYDAIKEYSEKPVGIIYAFAWHDPLNEEVEDEVKEIRKRDYEFVTAVHSGKSATAGEREDLKGKLDWIGVNYYSRLAYGKKNGHIVPLPGYGFMSERGGFAKSGRPASDFGWEIYPEGLENLLRELNNRYELPMMITENGIADAADRYRPYYLVSHLKAVYNAMKEGADVRGYLHWSLTDNYEWAQGFRMRFGLVYVDFETKKRYLRPSALVFREIATRKEIPEELAHLADLNALTRR,0,4,1.00,-,-,https://doi.org/10.1021/acssynbio.5c00257,-,no,N/A
OOD6,MKFPKDFLFGYSWSGFQFEMGLPGSEVPNSDWWVWVHDKENIASGLVSGDLPENGPAYWHLYKQDHDIAESLGMDAIRGGIEWARIFPKPTFDVKVDVEKDEDGNIVSVDVPESAIEELEKLADMEALEHYRKIYSDWKERGKTFILNLYHWPLPLWLHDPIAVRRLGPDRAPSGWLDERSVVEFVKFAAFVAYHLDDLVDMWSTMNEPNVVYEQGYTRPNSGFPPGYLSFEASEKAKMNLIQAHARAYDAIKEYSEKPVGIIYAFAWHDPLNEEVEDEVKEIRKRDYEFVTAVHSGKSATAGEREDLKGKLDWIGVNYYSRLAYGKKNGHIVPLPGYGFMSERGGFAKSGRPASDFGWEIYPEGLENLLRELNNRYELPMMITENGIADAADRYRPYYLVSHLKAVYNAMKEGADVRGYLHWSLTDNYEWAQGFRMRFGLVYVDFETKKRYLRPSALVFREIATRKEIPEELAHLADLNALTRR,50,4,1.07,-,-,https://doi.org/10.1021/acssynbio.5c00257,-,no,N/A
OOD6,MKFPKDFLFGYSWSGFQFEMGLPGSEVPNSDWWVWVHDKENIASGLVSGDLPENGPAYWHLYKQDHDIAESLGMDAIRGGIEWARIFPKPTFDVKVDVEKDEDGNIVSVDVPESAIEELEKLADMEALEHYRKIYSDWKERGKTFILNLYHWPLPLWLHDPIAVRRLGPDRAPSGWLDERSVVEFVKFAAFVAYHLDDLVDMWSTMNEPNVVYEQGYTRPNSGFPPGYLSFEASEKAKMNLIQAHARAYDAIKEYSEKPVGIIYAFAWHDPLNEEVEDEVKEIRKRDYEFVTAVHSGKSATAGEREDLKGKLDWIGVNYYSRLAYGKKNGHIVPLPGYGFMSERGGFAKSGRPASDFGWEIYPEGLENLLRELNNRYELPMMITENGIADAADRYRPYYLVSHLKAVYNAMKEGADVRGYLHWSLTDNYEWAQGFRMRFGLVYVDFETKKRYLRPSALVFREIATRKEIPEELAHLADLNALTRR,250,4,1.17,-,-,https://doi.org/10.1021/acssynbio.5c00257,-,no,N/A
OOD6,MKFPKDFLFGYSWSGFQFEMGLPGSEVPNSDWWVWVHDKENIASGLVSGDLPENGPAYWHLYKQDHDIAESLGMDAIRGGIEWARIFPKPTFDVKVDVEKDEDGNIVSVDVPESAIEELEKLADMEALEHYRKIYSDWKERGKTFILNLYHWPLPLWLHDPIAVRRLGPDRAPSGWLDERSVVEFVKFAAFVAYHLDDLVDMWSTMNEPNVVYEQGYTRPNSGFPPGYLSFEASEKAKMNLIQAHARAYDAIKEYSEKPVGIIYAFAWHDPLNEEVEDEVKEIRKRDYEFVTAVHSGKSATAGEREDLKGKLDWIGVNYYSRLAYGKKNGHIVPLPGYGFMSERGGFAKSGRPASDFGWEIYPEGLENLLRELNNRYELPMMITENGIADAADRYRPYYLVSHLKAVYNAMKEGADVRGYLHWSLTDNYEWAQGFRMRFGLVYVDFETKKRYLRPSALVFREIATRKEIPEELAHLADLNALTRR,500,4,1.04,-,-,https://doi.org/10.1021/acssynbio.5c00257,-,no,N/A